motif_name,motif_sequence,expected_position,found_positions,correctly_found,execution_time
M00_len15_ham0,AAGCCCAATAAACCA,42911206,42911206,True,1.441983
M01_len15_ham0,GATATAGGCAACGAC,14979419,14979419,True,1.690832
M02_len15_ham0,CGACAGTGACGCTTT,36598928,36598928,True,1.593645
M03_len15_ham0,TACCTCGTCCGTGTT,6287781,6287781,True,1.044086
M04_len15_ham0,CTACTATGTGTTCCG,37664518,37664518,True,1.592777
M05_len15_ham0,AATGGCGCGTCGTGA,28153498,28153498,True,1.541578
M06_len15_ham0,ACGAACGGCGCGTGA,10714555,10714555,True,1.723269
M07_len15_ham0,CTGGAGGTGAAGCGA,14449461,14449461,True,1.972511
M08_len15_ham0,GACGCCCAACTATTC,24090698,24090698,True,1.716345
M09_len15_ham0,GTTTCTTGCGTCGTA,30831481,30831481,True,1.591775
M10_len15_ham0,ATTAGGTTCTCGTTA,19674861,19674861,True,1.622988
M11_len15_ham0,GGTGTGATAAGCAAA,47283015,47283015,True,1.747249
M12_len15_ham0,TTCACAGAAGTGAGA,5354748,5354748,True,1.586063
M13_len15_ham0,CTTGATGCTCGGGGG,42660060,42660060,True,1.146707
M14_len15_ham0,GTGGTGGGCACGACC,44974694,44974694,True,1.345767
M15_len15_ham0,AAGTTTGCAGTAATT,40878089,40878089,True,1.583841
M16_len15_ham0,AACCGACCCACATTT,10965755,10965755,True,1.361052
M17_len15_ham0,AACAGACTTGCTTAT,37376264,37376264,True,1.879142
M18_len15_ham0,ACGTTACGCGTTAAC,2154210,2154210,True,1.939213
M19_len15_ham0,ATATACTCATGGTAG,38062808,38062808,True,1.769173
M20_len50_ham0,AGAGGGTCCTCCCATCTCCTGTGATGCATGGTGTGCTTACTGGGATGAAT,26550407,26550407,True,1.032953
M21_len50_ham0,TCCCGGCGTGGATACCTGATAGATGGTGACTAGCATGTACAAGTAACCTT,16550891,,False,0.969478
M22_len50_ham0,ATGCATACAAGCCCACCCGCAGCCGCAACAGCGACGACTAATTGATCAGT,39230901,39230901,True,1.064255
M23_len50_ham0,TAACTTCTGTTTAGTGGGCTAAAATAGCAGATGTAGGGACCTCAGGAGCT,9283286,9283286,True,1.438776
M24_len50_ham0,ACTTTGCGGGAACCAAGTTTTTGCAGTAGTGACTAACGCCGGGAATTCCT,7358428,7358428,True,0.971237
M25_len50_ham0,TGATACTTATGGCGCAACGGCCACGCCCACTTTGGCTATTGGAGAGTTAA,40024332,40024332,True,0.777244
M26_len50_ham0,CACTTCGGGTTGAGAGATGGCGACGGTCAGTGCATGAGGCCGTCCCCAGA,35508262,35508262,True,1.959347
M27_len50_ham0,TCCGTCGTTGTTCCCGATGAAGACGTCTACTGATATGCTAGCAGAGCCAG,7687437,7687437,True,1.857413
M28_len50_ham0,TAATACCGTAGCTCAGAATTATGGAGAGCAGCAGGCTTCCATAGCACAGG,22828789,22828789,True,1.018363
M29_len50_ham0,ATATCGGAAGGGTTCTGTAGTGAATGCACTACACGGTACTGGTACGTGGC,217789,217789,True,1.181875
M30_len50_ham0,GAGGCCGCACCCTAGGTCAAGTTTTACGATTGCCCTAACGCCGCGGAGCG,34069940,34069940,True,1.202256
M31_len50_ham0,TATGGTCTGTAACTTTTCGCGGGTCGAGCTAGTCCAAGTTCCGGCCTTTG,40867299,40867299,True,0.748219
M32_len50_ham0,TACGGATTGACATGGGCCTAAACGTTCCGGCTGGTGTAGGATGATGCATC,35591432,35591432,True,1.382714
M33_len50_ham0,CCGTTGCTGGGTCCGGCGGCTGTGGGATTGCGAGAGTGTCCGGCACCACC,7507315,7507315,True,0.898305
M34_len50_ham0,ACTCATTCGAAGAGGTTCTGCAGCTGCAGGCCTTGATACCTGCAGTCTGG,38074679,38074679,True,1.064987
M35_len50_ham0,CTCTGTTCCATGAAACCCGTACTATATCTTATGATGACAATGAAATAGTC,35749305,,False,1.278580
M36_len50_ham0,TTTCCTGCGCAATACCAAATACATTCCACGCGGCGCCTGGACTTAGTGTT,11081482,11081482,True,1.141560
M37_len50_ham0,AGTAACCTCGGACCATCCTCGGTTGGGGTTATGCGGTACCAGTGCCGCTC,36191547,36191547,True,0.959213
M38_len50_ham0,ATCCACACTGATTAATAAGGATCAACCCGGGTAGTTCCGAAATTTTAACA,20918926,20918926,True,0.884198
M39_len50_ham0,AGCCTGTCAGAATCAGTGAGTTCGTTCTAGCAAGCTCTGGAAAGTGGACA,34733926,34733926,True,1.189969
M40_len120_ham0,CCGGGTCACTGTGTAGGCTCTACGATGTGTGTCGGCTGCTGGTCGTGTGACCATCTGATTCGCGCTTATTTTAGAACGCATGTAAAGCCTGTTCGATAGTAACGGGTCTGTATTGAGAAA,22688538,22688538,True,0.808005
M41_len120_ham0,TTACCGAACGGCTAGTGTTAGGTCGACGACGACGCTTCTTCTCCTGCCGTAGATCCTTTTTTTCAACGAGCGCTTAAGGATCTACGATGGATACCGTCCCCAGGCGGGGACTAGCCCCGC,14778538,14778538,True,1.328967
M42_len120_ham0,ATGATCTCTGGGGCTGAAATAACTTATCCGCGAGGAGCATGCTAAACTACCTAAGATCTACTAAAGGGCTCCAACTGCCTTCAACATGTGCCGACGAGCCTGACTTACTAAGGCTTGCTA,15364023,15364023,True,1.565140
M43_len120_ham0,CCGTAGTCACATATAGCAACACTGGCGCGAAGTGAGATTGATCGCGAACAAACATGTCCATCGCTGGAGAACCATATGGGATAGCGGCTGTCCCATACGAGATGACCTTACGAACTGTAA,15972220,15972220,True,1.003228
M44_len120_ham0,CACTTGTAGCTGTGAACGACGCACGTAGGCATTCATACAAACCCTGAGAAACTCAGAATACTTTATTCGCCGGTCACGTTTAAGTCTCCATGTTGGTGCAGCAGATGCCACCGACTGCCC,8879297,8879297,True,1.092184
M45_len120_ham0,AGCCGCGAACCAGAGTAGGGCCTTGCGCCTGGCCATACGCATCGACGGCAGTAGCCAGGAAATTTCTTTGTATCCTAAGAGGAAGCTCAAGTATCTCAAGCCTGGGCAATTCAGATAGTC,31740676,31740676,True,1.176596
M46_len120_ham0,TTGCGACAAGTCATTTCTGATACATCCCCCATATCCGGAATTGGTATATCCAAAGGTGTTTACGTCTATGCATGGAGGGGTACCGTGGTACTCTTGACAGTCACCCACATAGCGGTTAAC,28927355,28927355,True,0.907729
M47_len120_ham0,GTAATCCACGGGTTGTGCTGTAAGGGATAGGGGGGCCCATGCATGGTTTACGCTGGCCGATCGCGACGCGTGGGGTATAATCATGTACCCGTTCGCATGCGAATGCCCTACTTTTTTAAC,3635366,3635366,True,0.652802
M48_len120_ham0,GTCGTGCCTACCCCACAGATGAAAAAATTTAGTCCAGTAGCTAAGAATCCGCGTGCATCTGCAAAATCAAAGCTGGTAACAGGGTAAAACCGGTGAGGCATTTGTTTCACACATTTCTGA,27019456,27019456,True,0.717349
M49_len120_ham0,ATCTGTCAACTTCATGCGGACTTCATTTATTGATAATTAAAGCTGGACTGTGTAACAGGGGAACTCTAGCCATCTCGATAATTCTAATTCCCATGTTCGTGGTCCTGGCCCGGCCGAGTT,12764703,12764703,True,1.119385
M50_len120_ham0,CAGTACTCGATTTGAAGCTCGCCGTCACCATATGGCCGAGTCACGAGTGAGCCACTTAGCCGGGGCTAAGTCCAGTATGGAGTTAGCGAACAACCTACTACATGAAAACGACGTTTTTGA,18692848,18692848,True,1.117705
M51_len120_ham0,TCCCTGCGGACAAATAGCGCTCCCCGCACATAGAGACTGGCCAGACGTTGGCGGTCAGCCTGGCGTTTGGTACAGCCGAAAATCAGTCGTCGCTATGACCCTCCCTGACTCAGGCACGTT,6570543,6570543,True,0.827365
M52_len120_ham0,TGGTTACTCCAGCCCCGACTGATTTCCTACACCCACACGCTAGACTTTCCTCCGCGTACTTCAACTCACTAAATCATTGATCTTGATCGTCAGTGCAAAATCGTGACTGGTGGTCTTCGT,50570924,50570924,True,1.085423
M53_len120_ham0,CTAACTTAAGCGAATTGACTTACGCACCAGCACAGTGTTCAAAGGGGCCTTAGCTAAGGAGGTTTCGTTATAGATCCGTGAGCGATGACTGGCGCCTCCCGCCCCGCAAATAATGGTGTC,14344338,14344338,True,0.809227
M54_len120_ham0,AGGGCGCGTGGCTTCTGGTGTCCCAGCTTCCCTACTTCGTGGATACACGTATGGGGGGATAGCCGGGTTATGTCCGTTAACGCGGGGTGTGTTCCACCGACCTAAATAATAAGCATGCCG,26200760,26200760,True,1.599165
M55_len120_ham0,GGTCATGGTGCGAACGGTATTGATGCAGCTTTCCTTCGATCGGGTCACCGATTGTCGACAACAGGCTACACATCGTGTGTAGACAGTATCCGTAACTTCACTACTTGGCAAGTGCGACAC,49023381,49023381,True,1.443217
M56_len120_ham0,AAGCACTCGGTCATGCGATTGTCCGGTGCACTGGGTATCAGCGATCTCGGTGAAAACCACATCAATTGAGCAACTATAGTGAGAAGACAACTCCCCTAGTTACCTGCTGGGGTTGCCTGG,12743830,12743830,True,0.543434
M57_len120_ham0,GCCGGCCGGATCAGTCTAGATAAGGTTACATAGAGCGCCATTACTGTCCGATATGATTCCTCTTCCCAGTGAATTGGCGGAGCGTCTACCGCAAACCGAGAGTTAGCCCGTCATAGCAGC,36386104,36386104,True,1.099583
M58_len120_ham0,ACCTAACGGTTCAGGGGCGAGTAGCCGTCATCTCCTGGTCCCCCGCTCCGAACGCAGTTGTGCCACCAGCCCAGATCTGCTTTCCCCATAGTCCCACTTGTCTTATGTAATTACTATACG,39203494,39203494,True,1.229615
M59_len120_ham0,GTACTCTAGGCAAATGATCTTACGCCCCATGGTGCACCAGATTTATCCTTTTAACGCACCAGACAGGAAATCCGCTGAAGGGTATAGTCAGGTCCAAATGTGGGCTTTCCGCAAATACTT,34079793,34079793,True,1.180847
