motif_name,motif_sequence,expected_position,found_positions,correctly_found,closest_position,false_positives_count,execution_time,max_mismatches,ham1_found,ham2_found,ham3_found,ham4_found,ham5_found
M00_len15_ham0,AAGCCCAATAAACCA,42911206,42911206,True,42911206,0,1.188623,0,False,False,False,False,False
M01_len15_ham0,GATATAGGCAACGAC,14979419,14979419,True,14979419,0,1.587120,0,False,False,False,False,False
M02_len15_ham0,CGACAGTGACGCTTT,36598928,36598928,True,36598928,0,2.046046,0,False,False,False,False,False
M03_len15_ham0,TACCTCGTCCGTGTT,6287781,6287781,True,6287781,0,1.066555,0,False,False,False,False,False
M04_len15_ham0,CTACTATGTGTTCCG,37664518,37664518,True,37664518,0,1.448457,0,False,False,False,False,False
M05_len15_ham0,AATGGCGCGTCGTGA,28153498,28153498,True,28153498,0,3.227882,0,False,False,False,False,False
M06_len15_ham0,ACGAACGGCGCGTGA,10714555,10714555,True,10714555,0,3.070494,0,False,False,False,False,False
M07_len15_ham0,CTGGAGGTGAAGCGA,14449461,14449461,True,14449461,0,2.284904,0,False,False,False,False,False
M08_len15_ham0,GACGCCCAACTATTC,24090698,24090698,True,24090698,0,1.575835,0,False,False,False,False,False
M09_len15_ham0,GTTTCTTGCGTCGTA,30831481,30831481,True,30831481,0,3.569234,0,False,False,False,False,False
M10_len15_ham0,ATTAGGTTCTCGTTA,19674861,19674861,True,19674861,0,2.727368,0,False,False,False,False,False
M11_len15_ham0,GGTGTGATAAGCAAA,47283015,47283015,True,47283015,0,1.500298,0,False,False,False,False,False
M12_len15_ham0,TTCACAGAAGTGAGA,5354748,5354748,True,5354748,0,1.660757,0,False,False,False,False,False
M13_len15_ham0,CTTGATGCTCGGGGG,42660060,42660060,True,42660060,0,0.930332,0,False,False,False,False,False
M14_len15_ham0,GTGGTGGGCACGACC,44974694,44974694,True,44974694,0,1.458270,0,False,False,False,False,False
M15_len15_ham0,AAGTTTGCAGTAATT,40878089,40878089,True,40878089,0,1.760377,0,False,False,False,False,False
M16_len15_ham0,AACCGACCCACATTT,10965755,10965755,True,10965755,0,1.251086,0,False,False,False,False,False
M17_len15_ham0,AACAGACTTGCTTAT,37376264,37376264,True,37376264,0,2.127789,0,False,False,False,False,False
M18_len15_ham0,ACGTTACGCGTTAAC,2154210,2154210,True,2154210,0,2.463911,0,False,False,False,False,False
M19_len15_ham0,ATATACTCATGGTAG,38062808,38062808,True,38062808,0,2.335024,0,False,False,False,False,False
M20_len50_ham0,AGAGGGTCCTCCCATCTCCTGTGATGCATGGTGTGCTTACTGGGATGAAT,26550407,26550407,True,26550407,0,1.642966,0,False,False,False,False,False
M21_len50_ham0,TCCCGGCGTGGATACCTGATAGATGGTGACTAGCATGTACAAGTAACCTT,16550891,16550891,True,16550891,0,1.674414,0,False,False,False,False,False
M22_len50_ham0,ATGCATACAAGCCCACCCGCAGCCGCAACAGCGACGACTAATTGATCAGT,39230901,39230901,True,39230901,0,3.474616,0,False,False,False,False,False
M23_len50_ham0,TAACTTCTGTTTAGTGGGCTAAAATAGCAGATGTAGGGACCTCAGGAGCT,9283286,9283286,True,9283286,0,3.764903,0,False,False,False,False,False
M24_len50_ham0,ACTTTGCGGGAACCAAGTTTTTGCAGTAGTGACTAACGCCGGGAATTCCT,7358428,7358428,True,7358428,0,1.752172,0,False,False,False,False,False
M25_len50_ham0,TGATACTTATGGCGCAACGGCCACGCCCACTTTGGCTATTGGAGAGTTAA,40024332,40024332,True,40024332,0,1.033183,0,False,False,False,False,False
M26_len50_ham0,CACTTCGGGTTGAGAGATGGCGACGGTCAGTGCATGAGGCCGTCCCCAGA,35508262,35508262,True,35508262,0,2.033592,0,False,False,False,False,False
M27_len50_ham0,TCCGTCGTTGTTCCCGATGAAGACGTCTACTGATATGCTAGCAGAGCCAG,7687437,7687437,True,7687437,0,1.530363,0,False,False,False,False,False
M28_len50_ham0,TAATACCGTAGCTCAGAATTATGGAGAGCAGCAGGCTTCCATAGCACAGG,22828789,22828789,True,22828789,0,1.546530,0,False,False,False,False,False
M29_len50_ham0,ATATCGGAAGGGTTCTGTAGTGAATGCACTACACGGTACTGGTACGTGGC,217789,217789,True,217789,0,1.945804,0,False,False,False,False,False
M30_len50_ham0,GAGGCCGCACCCTAGGTCAAGTTTTACGATTGCCCTAACGCCGCGGAGCG,34069940,34069940,True,34069940,0,1.089286,0,False,False,False,False,False
M31_len50_ham0,TATGGTCTGTAACTTTTCGCGGGTCGAGCTAGTCCAAGTTCCGGCCTTTG,40867299,40867299,True,40867299,0,1.141746,0,False,False,False,False,False
M32_len50_ham0,TACGGATTGACATGGGCCTAAACGTTCCGGCTGGTGTAGGATGATGCATC,35591432,35591432,True,35591432,0,3.104350,0,False,False,False,False,False
M33_len50_ham0,CCGTTGCTGGGTCCGGCGGCTGTGGGATTGCGAGAGTGTCCGGCACCACC,7507315,7507315,True,7507315,0,0.955574,0,False,False,False,False,False
M34_len50_ham0,ACTCATTCGAAGAGGTTCTGCAGCTGCAGGCCTTGATACCTGCAGTCTGG,38074679,38074679,True,38074679,0,1.912115,0,False,False,False,False,False
M35_len50_ham0,CTCTGTTCCATGAAACCCGTACTATATCTTATGATGACAATGAAATAGTC,35749305,35749305,True,35749305,0,3.431298,0,False,False,False,False,False
M36_len50_ham0,TTTCCTGCGCAATACCAAATACATTCCACGCGGCGCCTGGACTTAGTGTT,11081482,11081482,True,11081482,0,1.361528,0,False,False,False,False,False
M37_len50_ham0,AGTAACCTCGGACCATCCTCGGTTGGGGTTATGCGGTACCAGTGCCGCTC,36191547,36191547,True,36191547,0,1.615227,0,False,False,False,False,False
M38_len50_ham0,ATCCACACTGATTAATAAGGATCAACCCGGGTAGTTCCGAAATTTTAACA,20918926,20918926,True,20918926,0,1.416715,0,False,False,False,False,False
M39_len50_ham0,AGCCTGTCAGAATCAGTGAGTTCGTTCTAGCAAGCTCTGGAAAGTGGACA,34733926,34733926,True,34733926,0,2.234154,0,False,False,False,False,False
M40_len120_ham0,CCGGGTCACTGTGTAGGCTCTACGATGTGTGTCGGCTGCTGGTCGTGTGACCATCTGATTCGCGCTTATTTTAGAACGCATGTAAAGCCTGTTCGATAGTAACGGGTCTGTATTGAGAAA,22688538,22688538,True,22688538,0,0.953857,0,False,False,False,False,False
M41_len120_ham0,TTACCGAACGGCTAGTGTTAGGTCGACGACGACGCTTCTTCTCCTGCCGTAGATCCTTTTTTTCAACGAGCGCTTAAGGATCTACGATGGATACCGTCCCCAGGCGGGGACTAGCCCCGC,14778538,14778538,True,14778538,0,1.115249,0,False,False,False,False,False
M42_len120_ham0,ATGATCTCTGGGGCTGAAATAACTTATCCGCGAGGAGCATGCTAAACTACCTAAGATCTACTAAAGGGCTCCAACTGCCTTCAACATGTGCCGACGAGCCTGACTTACTAAGGCTTGCTA,15364023,15364023,True,15364023,0,3.221364,0,False,False,False,False,False
M43_len120_ham0,CCGTAGTCACATATAGCAACACTGGCGCGAAGTGAGATTGATCGCGAACAAACATGTCCATCGCTGGAGAACCATATGGGATAGCGGCTGTCCCATACGAGATGACCTTACGAACTGTAA,15972220,15972220,True,15972220,0,1.952434,0,False,False,False,False,False
M44_len120_ham0,CACTTGTAGCTGTGAACGACGCACGTAGGCATTCATACAAACCCTGAGAAACTCAGAATACTTTATTCGCCGGTCACGTTTAAGTCTCCATGTTGGTGCAGCAGATGCCACCGACTGCCC,8879297,8879297,True,8879297,0,1.329108,0,False,False,False,False,False
M45_len120_ham0,AGCCGCGAACCAGAGTAGGGCCTTGCGCCTGGCCATACGCATCGACGGCAGTAGCCAGGAAATTTCTTTGTATCCTAAGAGGAAGCTCAAGTATCTCAAGCCTGGGCAATTCAGATAGTC,31740676,31740676,True,31740676,0,3.193913,0,False,False,False,False,False
M46_len120_ham0,TTGCGACAAGTCATTTCTGATACATCCCCCATATCCGGAATTGGTATATCCAAAGGTGTTTACGTCTATGCATGGAGGGGTACCGTGGTACTCTTGACAGTCACCCACATAGCGGTTAAC,28927355,28927355,True,28927355,0,2.100120,0,False,False,False,False,False
M47_len120_ham0,GTAATCCACGGGTTGTGCTGTAAGGGATAGGGGGGCCCATGCATGGTTTACGCTGGCCGATCGCGACGCGTGGGGTATAATCATGTACCCGTTCGCATGCGAATGCCCTACTTTTTTAAC,3635366,3635366,True,3635366,0,1.096561,0,False,False,False,False,False
M48_len120_ham0,GTCGTGCCTACCCCACAGATGAAAAAATTTAGTCCAGTAGCTAAGAATCCGCGTGCATCTGCAAAATCAAAGCTGGTAACAGGGTAAAACCGGTGAGGCATTTGTTTCACACATTTCTGA,27019456,27019456,True,27019456,0,3.280025,0,False,False,False,False,False
M49_len120_ham0,ATCTGTCAACTTCATGCGGACTTCATTTATTGATAATTAAAGCTGGACTGTGTAACAGGGGAACTCTAGCCATCTCGATAATTCTAATTCCCATGTTCGTGGTCCTGGCCCGGCCGAGTT,12764703,12764703,True,12764703,0,1.909405,0,False,False,False,False,False
M50_len120_ham0,CAGTACTCGATTTGAAGCTCGCCGTCACCATATGGCCGAGTCACGAGTGAGCCACTTAGCCGGGGCTAAGTCCAGTATGGAGTTAGCGAACAACCTACTACATGAAAACGACGTTTTTGA,18692848,18692848,True,18692848,0,1.943163,0,False,False,False,False,False
M51_len120_ham0,TCCCTGCGGACAAATAGCGCTCCCCGCACATAGAGACTGGCCAGACGTTGGCGGTCAGCCTGGCGTTTGGTACAGCCGAAAATCAGTCGTCGCTATGACCCTCCCTGACTCAGGCACGTT,6570543,6570543,True,6570543,0,2.112975,0,False,False,False,False,False
M52_len120_ham0,TGGTTACTCCAGCCCCGACTGATTTCCTACACCCACACGCTAGACTTTCCTCCGCGTACTTCAACTCACTAAATCATTGATCTTGATCGTCAGTGCAAAATCGTGACTGGTGGTCTTCGT,50570924,50570924,True,50570924,0,1.161862,0,False,False,False,False,False
M53_len120_ham0,CTAACTTAAGCGAATTGACTTACGCACCAGCACAGTGTTCAAAGGGGCCTTAGCTAAGGAGGTTTCGTTATAGATCCGTGAGCGATGACTGGCGCCTCCCGCCCCGCAAATAATGGTGTC,14344338,14344338,True,14344338,0,1.904826,0,False,False,False,False,False
M54_len120_ham0,AGGGCGCGTGGCTTCTGGTGTCCCAGCTTCCCTACTTCGTGGATACACGTATGGGGGGATAGCCGGGTTATGTCCGTTAACGCGGGGTGTGTTCCACCGACCTAAATAATAAGCATGCCG,26200760,26200760,True,26200760,0,1.600771,0,False,False,False,False,False
M55_len120_ham0,GGTCATGGTGCGAACGGTATTGATGCAGCTTTCCTTCGATCGGGTCACCGATTGTCGACAACAGGCTACACATCGTGTGTAGACAGTATCCGTAACTTCACTACTTGGCAAGTGCGACAC,49023381,49023381,True,49023381,0,1.568955,0,False,False,False,False,False
M56_len120_ham0,AAGCACTCGGTCATGCGATTGTCCGGTGCACTGGGTATCAGCGATCTCGGTGAAAACCACATCAATTGAGCAACTATAGTGAGAAGACAACTCCCCTAGTTACCTGCTGGGGTTGCCTGG,12743830,12743830,True,12743830,0,0.753963,0,False,False,False,False,False
M57_len120_ham0,GCCGGCCGGATCAGTCTAGATAAGGTTACATAGAGCGCCATTACTGTCCGATATGATTCCTCTTCCCAGTGAATTGGCGGAGCGTCTACCGCAAACCGAGAGTTAGCCCGTCATAGCAGC,36386104,36386104,True,36386104,0,1.916613,0,False,False,False,False,False
M58_len120_ham0,ACCTAACGGTTCAGGGGCGAGTAGCCGTCATCTCCTGGTCCCCCGCTCCGAACGCAGTTGTGCCACCAGCCCAGATCTGCTTTCCCCATAGTCCCACTTGTCTTATGTAATTACTATACG,39203494,39203494,True,39203494,0,2.832844,0,False,False,False,False,False
M59_len120_ham0,GTACTCTAGGCAAATGATCTTACGCCCCATGGTGCACCAGATTTATCCTTTTAACGCACCAGACAGGAAATCCGCTGAAGGGTATAGTCAGGTCCAAATGTGGGCTTTCCGCAAATACTT,34079793,34079793,True,34079793,0,1.451033,0,False,False,False,False,False
