motif_name,start,end,sequence
M00_len15_ham0,42911206,42911221,AAGCCCAATAAACCA
M00_len15_ham1,7471301,7471316,AAGCCCAAAAAACCA
M00_len15_ham2,1678443,1678458,AAGCCCAATATTCCA
M00_len15_ham3,49764611,49764626,AAGGCCTCTAAACCA
M00_len15_ham4,18456905,18456920,AACCCCAATAACGCG
M00_len15_ham5,16434414,16434429,AGGGCGAATAATACA
M01_len15_ham0,14979419,14979434,GATATAGGCAACGAC
M01_len15_ham1,9364231,9364246,GATATAGGCAACGCC
M01_len15_ham2,49423746,49423761,GATAGACGCAACGAC
M01_len15_ham3,6878334,6878349,GAAATGGGCAACGGC
M01_len15_ham4,45412533,45412548,GATAAAGGCATTGAT
M01_len15_ham5,49705370,49705385,GACTTAGGGAAGGAT
M02_len15_ham0,36598928,36598943,CGACAGTGACGCTTT
M02_len15_ham1,5834366,5834381,CGGCAGTGACGCTTT
M02_len15_ham2,39627281,39627296,CGTTAGTGACGCTTT
M02_len15_ham3,28314694,28314709,CGACGGTGTCGTTTT
M02_len15_ham4,2132899,2132914,CGCAACGGACGCTTT
M02_len15_ham5,1999657,1999672,CCTCAGTGACACCGT
M03_len15_ham0,6287781,6287796,TACCTCGTCCGTGTT
M03_len15_ham1,14672546,14672561,TCCCTCGTCCGTGTT
M03_len15_ham2,15613608,15613623,TCCGTCGTCCGTGTT
M03_len15_ham3,33913819,33913834,TACATCGTATGTGTT
M03_len15_ham4,40400793,40400808,CCCCTCGTCCAAGTT
M03_len15_ham5,1780798,1780813,TGCTACGTACTTGTT
M04_len15_ham0,37664518,37664533,CTACTATGTGTTCCG
M04_len15_ham1,13343768,13343783,CTAATATGTGTTCCG
M04_len15_ham2,48051262,48051277,CTACTATGTTTACCG
M04_len15_ham3,43613006,43613021,GTACTTTGTGTACCG
M04_len15_ham4,47065122,47065137,CTCCTATGAGTTCTA
M04_len15_ham5,36570403,36570418,CCATTATGTAATCCT
M05_len15_ham0,28153498,28153513,AATGGCGCGTCGTGA
M05_len15_ham1,14793519,14793534,GATGGCGCGTCGTGA
M05_len15_ham2,30145908,30145923,AATGGCGCGACGTGC
M05_len15_ham3,39544950,39544965,AATAGCGCCTCGTGG
M05_len15_ham4,18669062,18669077,ACTCGTGCGTCGTGG
M05_len15_ham5,436124,436139,AATGTCGCTGGATGA
M06_len15_ham0,10714555,10714570,ACGAACGGCGCGTGA
M06_len15_ham1,46851341,46851356,ATGAACGGCGCGTGA
M06_len15_ham2,28361172,28361187,ACGAACCGCGCGTAA
M06_len15_ham3,22833825,22833840,CCGAATGGCGCGCGA
M06_len15_ham4,18647630,18647645,ACTAACGTAGCCTGA
M06_len15_ham5,10434052,10434067,AATAACGGAGCTTGG
M07_len15_ham0,14449461,14449476,CTGGAGGTGAAGCGA
M07_len15_ham1,22588477,22588492,CGGGAGGTGAAGCGA
M07_len15_ham2,6859215,6859230,CTGGACTTGAAGCGA
M07_len15_ham3,6224068,6224083,CTGGAGATTGAGCGA
M07_len15_ham4,25496489,25496504,TTGCCGGTGAATCGA
M07_len15_ham5,6490526,6490541,CTGGAGGTGACCACT
M08_len15_ham0,24090698,24090713,GACGCCCAACTATTC
M08_len15_ham1,23082477,23082492,GACGCCCAACTTTTC
M08_len15_ham2,40515368,40515383,GACGCCGCACTATTC
M08_len15_ham3,17751694,17751709,GAAGCCCAACAGTTC
M08_len15_ham4,2915909,2915924,GAGTCCCAACTTATC
M08_len15_ham5,48971471,48971486,GTTCCCCTACTATGC
M09_len15_ham0,30831481,30831496,GTTTCTTGCGTCGTA
M09_len15_ham1,35985658,35985673,GTTTCTTGCGTGGTA
M09_len15_ham2,8376941,8376956,GTTCGTTGCGTCGTA
M09_len15_ham3,25403012,25403027,GATTCTTGAGTCGTC
M09_len15_ham4,5288191,5288206,GTCTCTAGCGTAGCA
M09_len15_ham5,37046819,37046834,TTTTCAGCGGTCGTA
M10_len15_ham0,19674861,19674876,ATTAGGTTCTCGTTA
M10_len15_ham1,42187302,42187317,ATTAGGCTCTCGTTA
M10_len15_ham2,41508157,41508172,ATTAGGTTCTGGTTT
M10_len15_ham3,24268915,24268930,ATAAGGTGCTCGTGA
M10_len15_ham4,38745446,38745461,TTTAGGATCACGGTA
M10_len15_ham5,12904268,12904283,GTCAGGCCCTCGTAA
M11_len15_ham0,47283015,47283030,GGTGTGATAAGCAAA
M11_len15_ham1,4667767,4667782,GGTATGATAAGCAAA
M11_len15_ham2,3075222,3075237,AGTGTGATAAGCATA
M11_len15_ham3,44376630,44376645,GGATTGAGAAGCAAA
M11_len15_ham4,15293994,15294009,GGTCGGAAAAGTAAA
M11_len15_ham5,19420497,19420512,GACGGGATAAGAAAT
M12_len15_ham0,5354748,5354763,TTCACAGAAGTGAGA
M12_len15_ham1,15622331,15622346,TTCACAGAAGTGACA
M12_len15_ham2,6778091,6778106,TTCACAGGAGTGAAA
M12_len15_ham3,25509839,25509854,TTCACTGGAGAGAGA
M12_len15_ham4,18654492,18654507,TTGACAGATGCTAGA
M12_len15_ham5,30427850,30427865,TTCAGAAGACTAAGA
M13_len15_ham0,42660060,42660075,CTTGATGCTCGGGGG
M13_len15_ham1,24483473,24483488,CTTGATGCACGGGGG
M13_len15_ham2,10915531,10915546,CTTAATGCACGGGGG
M13_len15_ham3,24842424,24842439,CTTGATATTCGTGGG
M13_len15_ham4,23841813,23841828,CTTGATGGTCAAGGC
M13_len15_ham5,14059778,14059793,CTTTTTTCTCGCGGC
M14_len15_ham0,44974694,44974709,GTGGTGGGCACGACC
M14_len15_ham1,17916578,17916593,GTGTTGGGCACGACC
M14_len15_ham2,47098363,47098378,GTGGGGGTCACGACC
M14_len15_ham3,45872107,45872122,GTGGTGGGACCGGCC
M14_len15_ham4,43488918,43488933,GTTACTGGCACGACC
M14_len15_ham5,4791741,4791756,ATCGGGGGGACGTCC
M15_len15_ham0,40878089,40878104,AAGTTTGCAGTAATT
M15_len15_ham1,42612671,42612686,ATGTTTGCAGTAATT
M15_len15_ham2,11484920,11484935,AAGTTTGCAGAAATA
M15_len15_ham3,35845520,35845535,AACTTTGCAATACTT
M15_len15_ham4,48930871,48930886,ATGTTTACTGTATTT
M15_len15_ham5,16428983,16428998,AAGTTTCGTGTTGTT
M16_len15_ham0,10965755,10965770,AACCGACCCACATTT
M16_len15_ham1,31021757,31021772,AACCAACCCACATTT
M16_len15_ham2,25464823,25464838,AACTCACCCACATTT
M16_len15_ham3,18115891,18115906,AACCGACACACCTGT
M16_len15_ham4,42949656,42949671,AACCTACCCAGAATG
M16_len15_ham5,46181767,46181782,AGAAGACCAAAATTT
M17_len15_ham0,37376264,37376279,AACAGACTTGCTTAT
M17_len15_ham1,14738124,14738139,AACAGGCTTGCTTAT
M17_len15_ham2,45943684,45943699,AACAGTCTTGCTTAA
M17_len15_ham3,21762245,21762260,AATAGGCTTGCTTGT
M17_len15_ham4,3753932,3753947,AACAAAATCGGTTAT
M17_len15_ham5,15371155,15371170,ATCAATGTCGCTTAT
M18_len15_ham0,2154210,2154225,ACGTTACGCGTTAAC
M18_len15_ham1,21169695,21169710,ACGTTACGCGTAAAC
M18_len15_ham2,26921713,26921728,ACGTAACGTGTTAAC
M18_len15_ham3,17967786,17967801,AGGATAAGCGTTAAC
M18_len15_ham4,4441842,4441857,ACTTTACTCGGTAGC
M18_len15_ham5,14158818,14158833,ACGACATACGTTGAC
M19_len15_ham0,38062808,38062823,ATATACTCATGGTAG
M19_len15_ham1,48178411,48178426,ATATACTCATGGTTG
M19_len15_ham2,21117675,21117690,ATATACTCGTGGTGG
M19_len15_ham3,14269125,14269140,ATATACTCATCTAAG
M19_len15_ham4,43985744,43985759,ACAAACTCAGTGTAG
M19_len15_ham5,33502842,33502857,ACATACACATCGAAT
M20_len50_ham0,26550407,26550457,AGAGGGTCCTCCCATCTCCTGTGATGCATGGTGTGCTTACTGGGATGAAT
M20_len50_ham1,43141058,43141108,AGAGGGTCCTCCCATCTCATGTGATGCATGGTGTGCTTACTGGGATGAAT
M20_len50_ham2,30793026,30793076,AGAGGGTCCTCCCATCTCCTGTTATGCATGGTGTGCTTCCTGGGATGAAT
M20_len50_ham3,9587950,9588000,AGAGGGTCCTCCTATCGCCTGTGATGCATGGTGTGCTTATTGGGATGAAT
M20_len50_ham4,17775807,17775857,AGAGGGCCTTCCCATCTCCTGTGATGCATGGTGTGCTTACAGGTATGAAT
M20_len50_ham5,9370432,9370482,AGCGGGTCCTCCCATCTCCTGTGGTGCAAGGTGTGCTCACTGGGATTAAT
M21_len50_ham0,16550891,16550941,TCCCGGCGTGGATACCTGATAGATGGTGACTAGCATGTACAAGTAACCTT
M21_len50_ham1,49995364,49995414,TCCCGGCGTGGATACCTGATAGAGGGTGACTAGCATGTACAAGTAACCTT
M21_len50_ham2,37672777,37672827,TCCCGGCGTGGATACCTGATAGATGGTGACTAGCATGTACAAGTGACTTT
M21_len50_ham3,36170153,36170203,TCCCGGCGTGGATACCTGATAGATGGTGACTAGCATGAACAAGTAATGTT
M21_len50_ham4,17632290,17632340,TCCCGGGGTGGATACCTGATAGATGGCGACTCGCATGTATAAGTAACCTT
M21_len50_ham5,50131248,50131298,TCCCGGGGTGGATTCTTGATAGAGGGTGGCTAGCATGTACAAGTAACCTT
M22_len50_ham0,39230901,39230951,ATGCATACAAGCCCACCCGCAGCCGCAACAGCGACGACTAATTGATCAGT
M22_len50_ham1,28751707,28751757,ATGCATACAAGCCCACCCGCAGCCGCAACAGCGACGACTAAATGATCAGT
M22_len50_ham2,39160231,39160281,ATGGATACAAGCCCACCCGCAGCCGCAACACCGACGACTAATTGATCAGT
M22_len50_ham3,26803314,26803364,ATGCATGCAAGCCCACCCGCAGCCGCAACAGAGACGACTAATTTATCAGT
M22_len50_ham4,24293170,24293220,ATGCAAACATGCCCACCCGCCGCCGCAACAGCGACGACCAATTGATCAGT
M22_len50_ham5,14718366,14718416,ATGCATACAAGCCCACCCGCGGCCGCAACAGCGACTATTAGTTGACCAGT
M23_len50_ham0,9283286,9283336,TAACTTCTGTTTAGTGGGCTAAAATAGCAGATGTAGGGACCTCAGGAGCT
M23_len50_ham1,34193730,34193780,TAACTTCTGTTTAGTGGGCTAAAATAGCAGATGTATGGACCTCAGGAGCT
M23_len50_ham2,33119287,33119337,TAACTTCTGTTTAGTGGGCTAAAATAGCAGATGTAGGGATCTCTGGAGCT
M23_len50_ham3,6100827,6100877,TTACTTCTGTTTAGTGGGCTAAAATAGCAGATGTAGGGGCCTAAGGAGCT
M23_len50_ham4,50719682,50719732,TAACTTCTGTTCAGTGGCCTAAAATAGCAGATGTAGGGACCTCACGAGAT
M23_len50_ham5,3161926,3161976,TAACTTCTGATAAGTGGGCTAAAATCGCAGATGTAGTGACCTTAGGAGCT
M24_len50_ham0,7358428,7358478,ACTTTGCGGGAACCAAGTTTTTGCAGTAGTGACTAACGCCGGGAATTCCT
M24_len50_ham1,10257007,10257057,ACTTTGCGGGAACCAAGTTTTTGCAGTAGTGACTTACGCCGGGAATTCCT
M24_len50_ham2,42107191,42107241,ACTTTGCGGGAACCTAGTTTTTGCAGTAGTGATTAACGCCGGGAATTCCT
M24_len50_ham3,10736210,10736260,ACTTAGCGGGAACCAAGTTTTTTCACTAGTGACTAACGCCGGGAATTCCT
M24_len50_ham4,45666321,45666371,ATTTGGCGGGAACCAAGTTTCTGCAGTAGCGACTAACGCCGGGAATTCCT
M24_len50_ham5,28330675,28330725,ACTTTGCTGGAACCAAGTATTTGCAGCAGTGACTAACGCCAGGAACTCCT
M25_len50_ham0,40024332,40024382,TGATACTTATGGCGCAACGGCCACGCCCACTTTGGCTATTGGAGAGTTAA
M25_len50_ham1,4263272,4263322,TGATACTTATGGCGCAACGGCCAGGCCCACTTTGGCTATTGGAGAGTTAA
M25_len50_ham2,25821297,25821347,TGATCCTTATGGCGCAACGGCCACGCCCACTTTGGCTATTGTAGAGTTAA
M25_len50_ham3,25610036,25610086,TGATACTTATGGCGCAACGGCCACTCCCACTTGGGCTACTGGAGAGTTAA
M25_len50_ham4,39989395,39989445,TGCTACTTATGGCGCAACGGCCACGCCCGCTTTGGCGATTGGAGAGTGAA
M25_len50_ham5,31410296,31410346,TGAAACTTAGGGCGCAACGGCCACGCCCTCATCGGCTATTGGAGAGTTAA
M26_len50_ham0,35508262,35508312,CACTTCGGGTTGAGAGATGGCGACGGTCAGTGCATGAGGCCGTCCCCAGA
M26_len50_ham1,16872115,16872165,CACTTCGGGTTGAGAGATGGCGACGGTCAGTGTATGAGGCCGTCCCCAGA
M26_len50_ham2,37126361,37126411,CACTTCGGGTTGAGAGATGGCGACGGTCAGTGCTTGAGGCCGTCCCCCGA
M26_len50_ham3,770478,770528,CACTTCGGGTTGAGAGATGGCAACGGTCAGTGCATGAGGGCGTCCCCAGT
M26_len50_ham4,45653046,45653096,CACTTCGGGGATAGAGATGGCGACGGTCAGTGCATGAGGCCGTCGCCAGA
M26_len50_ham5,48366822,48366872,CAATTCGGGTTGAGAGATGGCGATGGCCAGTGCATGAGGCCGTGCCTAGA
M27_len50_ham0,7687437,7687487,TCCGTCGTTGTTCCCGATGAAGACGTCTACTGATATGCTAGCAGAGCCAG
M27_len50_ham1,45748808,45748858,TCCGTCGTTGTTCCCGATGAAGACGTCTACGGATATGCTAGCAGAGCCAG
M27_len50_ham2,36035468,36035518,TCCGTCGTGGTTCCCGATGAAGACGTCTACTGATATGCTAGCAGAGCCGG
M27_len50_ham3,50390556,50390606,CCCGTCGTTGTTCCCGATGAAGACGTCTCCTGATATGCTCGCAGAGCCAG
M27_len50_ham4,17906335,17906385,TCCGTCGTTTTTCTCGATGAAGACGTCTACTGATACGCTAGCAGAGACAG
M27_len50_ham5,43014218,43014268,TCCGTCGGTGTTCCCCATATAGACGTCTACTGATATGCTAGCAGAGCCAA
M28_len50_ham0,22828789,22828839,TAATACCGTAGCTCAGAATTATGGAGAGCAGCAGGCTTCCATAGCACAGG
M28_len50_ham1,7486139,7486189,TAATACCGTAGCTCAGAATTATGGAGAGCAGCGGGCTTCCATAGCACAGG
M28_len50_ham2,19696460,19696510,TAATACCGTAGCTCAGAATTATGGAGAGCAACAGCCTTCCATAGCACAGG
M28_len50_ham3,29176602,29176652,TAATACCGTAGCACAGAATTATGGAGAGCAGCAGGCTTCCACAGCACACG
M28_len50_ham4,10613787,10613837,TAATACCTTAGCTCAGAGTTACGGAGAGCAGCAGGCTTCCACAGCACAGG
M28_len50_ham5,30448882,30448932,TAATACCGTAGTTCAGAATTACGGGGAGTAGGAGGCTTCCATAGCACAGG
M29_len50_ham0,217789,217839,ATATCGGAAGGGTTCTGTAGTGAATGCACTACACGGTACTGGTACGTGGC
M29_len50_ham1,48458777,48458827,ATATCGGCAGGGTTCTGTAGTGAATGCACTACACGGTACTGGTACGTGGC
M29_len50_ham2,48296952,48297002,ATATCGGAAGGTTTCTGTAGTGAATGCACTACACGGTACTGGTACGTCGC
M29_len50_ham3,17675739,17675789,ATATCGGTAGGGTTCTGTAGTGAACGCACTACACGCTACTGGTACGTGGC
M29_len50_ham4,33593765,33593815,ATATCGGAAGGGTCCTGTCGTGAATGCATTACACGGTACAGGTACGTGGC
M29_len50_ham5,11989124,11989174,ATATAGGAGGGCTTCTGTAGTGAATGCATTACACGGTACTGGTACTTGGC
M30_len50_ham0,34069940,34069990,GAGGCCGCACCCTAGGTCAAGTTTTACGATTGCCCTAACGCCGCGGAGCG
M30_len50_ham1,7141109,7141159,GAGGCCGCTCCCTAGGTCAAGTTTTACGATTGCCCTAACGCCGCGGAGCG
M30_len50_ham2,41963185,41963235,GAGGCCGCACCCTAGGTCATGTTTTACGATTGCCCTAACACCGCGGAGCG
M30_len50_ham3,20028290,20028340,GAGGCCGCACACTAGGTCAAGTTTTACGATTGTCCTAACGCTGCGGAGCG
M30_len50_ham4,42879174,42879224,GAGGCCGCACTCTAGGTCAAGTTTTACGATTGCCCTAACTCCCCGGCGCG
M30_len50_ham5,34068679,34068729,GTTGCGGCACCCTAGGTCAAGTTTTACGATTGCCCTAACGCAGCGGAGCT
M31_len50_ham0,40867299,40867349,TATGGTCTGTAACTTTTCGCGGGTCGAGCTAGTCCAAGTTCCGGCCTTTG
M31_len50_ham1,13348698,13348748,TATGGTCTGTAACTTTTCGCGGGTCGAGCTAATCCAAGTTCCGGCCTTTG
M31_len50_ham2,10256869,10256919,TATGGGCTGTAACTTTTCGCGGGTCCAGCTAGTCCAAGTTCCGGCCTTTG
M31_len50_ham3,25092933,25092983,TATGGTCTGTAACATCTCGCGGGTCGAGCTAGTCCAAATTCCGGCCTTTG
M31_len50_ham4,10841372,10841422,TATGGTCTGTAACTTTTCTCGGGTCGAGCTACTCCAAGCTCTGGCCTTTG
M31_len50_ham5,36197113,36197163,GATGGTGTCTAACTTTACGCGGGTCGACCTAGTCCAAGTTCCGGCCTTTG
M32_len50_ham0,35591432,35591482,TACGGATTGACATGGGCCTAAACGTTCCGGCTGGTGTAGGATGATGCATC
M32_len50_ham1,38379,38429,TACGGATTGACATGGGCCTAAACGTTCCGGCTGTTGTAGGATGATGCATC
M32_len50_ham2,40194490,40194540,TACGGATTGACATGGGCCTAAACGTTCCGGCTGGTGTAGAATGATGGATC
M32_len50_ham3,21753744,21753794,TAAGGATTGACATGGTCCTAAACGTTCCGGCTGGTGTAGGATGTTGCATC
M32_len50_ham4,32789774,32789824,TCCGGATTGACACGGGCCTATACGTTCCCGCTGGTGTAGGATGATGCATC
M32_len50_ham5,1307062,1307112,TACGGATTGACATCGGCCTAAACGTTTCGGCTTGTGTAGTATGATGCATA
M33_len50_ham0,7507315,7507365,CCGTTGCTGGGTCCGGCGGCTGTGGGATTGCGAGAGTGTCCGGCACCACC
M33_len50_ham1,24359226,24359276,CCGATGCTGGGTCCGGCGGCTGTGGGATTGCGAGAGTGTCCGGCACCACC
M33_len50_ham2,20636923,20636973,CCGTTGCTGGGTCCGGCGGCTCTGGGTTTGCGAGAGTGTCCGGCACCACC
M33_len50_ham3,16069372,16069422,CCGTTGATGGGTCCGGCGGCTGTGGGATTGCGAGAGTGTCCGGAACCACT
M33_len50_ham4,3887292,3887342,CCGTTGCTGGCTCCGGCGGCTGTGGGTTTGGGAGAGTGTCCAGCACCACC
M33_len50_ham5,16164618,16164668,CCGATGCTGGGTCCGGCGTCAGTGGGATTGCGAGAGTGTCCTGCACCACT
M34_len50_ham0,38074679,38074729,ACTCATTCGAAGAGGTTCTGCAGCTGCAGGCCTTGATACCTGCAGTCTGG
M34_len50_ham1,5285296,5285346,ACTCATTCGAAGAGGTTCTTCAGCTGCAGGCCTTGATACCTGCAGTCTGG
M34_len50_ham2,5748105,5748155,ACTCATTCGAAGAGGTTCTGCAGCTGCAGGCCTTGACACCTGCAGTATGG
M34_len50_ham3,49117487,49117537,ACTCATTCGAAGAGGTTCTGCAGATGCAGGCCTTGATACCTACATTCTGG
M34_len50_ham4,32614267,32614317,ACTCATTGGATGAGGTTCTTCAGCTGCAGTCCTTGATACCTGCAGTCTGG
M34_len50_ham5,4644773,4644823,ACTCATTAGAAGAGGTTCTCCAGCTGCAGGCCTTGATACCAGCATTCTGC
M35_len50_ham0,35749305,35749355,CTCTGTTCCATGAAACCCGTACTATATCTTATGATGACAATGAAATAGTC
M35_len50_ham1,8439645,8439695,CTCTGTTCCATGAAACCCGTACTATATCTTATGATGACAATGAAATAGTA
M35_len50_ham2,8616205,8616255,CTCTGTTCCATGAAACCCGTACTATATCTTATGATGACAATTAAATAGTT
M35_len50_ham3,44275128,44275178,CTCTGTTCCATGAAACCCGTACTGCACCTTATGATGACAATGAAATAGTC
M35_len50_ham4,31895660,31895710,CTCTGATCCATGAAACCCGTACTATATCTTATGAAGACAATGGTATAGTC
M35_len50_ham5,36896694,36896744,CTCTGTTCGATTAAACCCGTACTATCTCTTATGCAGACAATGAAATAGTC
M36_len50_ham0,11081482,11081532,TTTCCTGCGCAATACCAAATACATTCCACGCGGCGCCTGGACTTAGTGTT
M36_len50_ham1,17787649,17787699,TTTCCTGCGGAATACCAAATACATTCCACGCGGCGCCTGGACTTAGTGTT
M36_len50_ham2,35411588,35411638,TTTCCTGCGCAGTACCAAATACATGCCACGCGGCGCCTGGACTTAGTGTT
M36_len50_ham3,40707828,40707878,TTTCCTGCGCAATAATAAACACATTCCACGCGGCGCCTGGACTTAGTGTT
M36_len50_ham4,28396306,28396356,TTTACTGCGCAATACCAAATACATTCAACGCGGGGGCTGGACTTAGTGTT
M36_len50_ham5,14213536,14213586,TTTCCGGCGCAATGCCAAATAAATTCCAAGCGGCGCCTGGATTTAGTGTT
M37_len50_ham0,36191547,36191597,AGTAACCTCGGACCATCCTCGGTTGGGGTTATGCGGTACCAGTGCCGCTC
M37_len50_ham1,50684989,50685039,AGTAACCTCGGACCATCCTCGGTTGGGGTTAGGCGGTACCAGTGCCGCTC
M37_len50_ham2,48984844,48984894,AGTAACCTCGGACCATCCTCGGTTGGGGTTATGCGGTACCACTCCCGCTC
M37_len50_ham3,46296233,46296283,AGTAACCTCGGACCATCCTCGGTTGGGGTTAGGCGGTACCAGTGCCCCGC
M37_len50_ham4,13499019,13499069,AGTAACCTCGAACCATCCTCGGGTGGGGTAATGCGGTACCAGTGCCTCTC
M37_len50_ham5,47845195,47845245,AGTCACCTCGGCCCATCCTCGGTTGGGGTTAGGCAGTACCATTGCCGCTC
M38_len50_ham0,20918926,20918976,ATCCACACTGATTAATAAGGATCAACCCGGGTAGTTCCGAAATTTTAACA
M38_len50_ham1,26775919,26775969,ATCCACACTGATTAATAAGGATCAACCCGGGCAGTTCCGAAATTTTAACA
M38_len50_ham2,45076148,45076198,ATCCACACTGATTAATAAGGAACAACCCGGGTAGTTCCGAATTTTTAACA
M38_len50_ham3,43612578,43612628,ATTCACACTGATTATTAAGGATCAACCCGGGTAATTCCGAAATTTTAACA
M38_len50_ham4,25059825,25059875,ATTCTCACTGATTAATAGGGATCAACCCGGTTAGTTCCGAAATTTTAACA
M38_len50_ham5,29400398,29400448,ACTCACACTGAATAATAAGGTTCAACCCGGGTAGTTCCGAAAATTTAACA
M39_len50_ham0,34733926,34733976,AGCCTGTCAGAATCAGTGAGTTCGTTCTAGCAAGCTCTGGAAAGTGGACA
M39_len50_ham1,30298722,30298772,AGCCTGTCAGAGTCAGTGAGTTCGTTCTAGCAAGCTCTGGAAAGTGGACA
M39_len50_ham2,8120454,8120504,AGCCTGTCAGAATCAGTGAGTTCGTTCTTGCAAGCGCTGGAAAGTGGACA
M39_len50_ham3,16636664,16636714,ATCCTGCCAGAATCAGTGAGTTCGTTATAGCAAGCTCTGGAAAGTGGACA
M39_len50_ham4,15079183,15079233,AGCCTATCAGAATCAGTGAGCTCGCTCTAGCAAGCTCTCGAAAGTGGACA
M39_len50_ham5,4296705,4296755,AGCCTTTCAGAATCACTGAGTTCGTTCTAGCAAGCGCTGGAAAGTGAACT
M40_len120_ham0,22688538,22688658,CCGGGTCACTGTGTAGGCTCTACGATGTGTGTCGGCTGCTGGTCGTGTGACCATCTGATTCGCGCTTATTTTAGAACGCATGTAAAGCCTGTTCGATAGTAACGGGTCTGTATTGAGAAA
M40_len120_ham1,1411585,1411705,CCGGGTCACTGTGTAGGCTCTACGATGTGTGTCGGCTGCTGGTCGTGTGACCATCTGATTCGCGCTTATTTTAGAACGCATGTAAAGCCTGTTCGATAGTAACGGGTCCGTATTGAGAAA
M40_len120_ham2,39480729,39480849,CCGGGTCACTGTGAAGGCTCTACGATGTGTGTCGGCTGCTGGTCGTGTGACCATCTGATTCGCGCTTATTTTAGAACGCATGGAAAGCCTGTTCGATAGTAACGGGTCTGTATTGAGAAA
M40_len120_ham3,37173044,37173164,CCGGGTCACTGTGTAGGCTCTACGATGTGTGGCGGCTGCTGGTCGTGTGACCATCTGATTCGCGCTTATTTTAGAACGCATGTAAAGCCTGTTCAATAGTAACGGGTCTGTATTGAGAAT
M40_len120_ham4,15442738,15442858,CCGGGTCACTGTGTAGGCTCCACGATGTGTGTCGGCTGCTGGACGTGTGACCATTTGATTCGCGCTTATTTCAGAACGCATGTAAAGCCTGTTCGATAGTAACGGGTCTGTATTGAGAAA
M40_len120_ham5,39489547,39489667,CCGGGTCACTGTGTAGGCTCTACAATGTGTGTCGGCTGCTGGTCGTGTGAGCATCAGATTCGCGCTTATTTTAGAACGCATTTATAGCCTGTTCGATAGTAACGGGTCTGTATTGAGAAA
M41_len120_ham0,14778538,14778658,TTACCGAACGGCTAGTGTTAGGTCGACGACGACGCTTCTTCTCCTGCCGTAGATCCTTTTTTTCAACGAGCGCTTAAGGATCTACGATGGATACCGTCCCCAGGCGGGGACTAGCCCCGC
M41_len120_ham1,482569,482689,TTACCGAACGGCTAGTGTTAGGTCGACGACGACGCTTCTTCTCCTGCCGTAGATCCTTTTTTTCAACGAGCGCTTAAGGATCTACGATGGATACCGTTCCCAGGCGGGGACTAGCCCCGC
M41_len120_ham2,4764265,4764385,TTACCGAACGGCTAGTGTTAGGTCGACGACGACGCTTCTTCTCCTGCCGTCGATCCTTTTTTGCAACGAGCGCTTAAGGATCTACGATGGATACCGTCCCCAGGCGGGGACTAGCCCCGC
M41_len120_ham3,47502401,47502521,TTACCGAACGGCTAGTGTTAGGTCGACGACGACGGTTCTTCTCCTGCCGTAGAACCTTTTTTTCAACGAGCGCTTAAGGACCTACGATGGATACCGTCCCCAGGCGGGGACTAGCCCCGC
M41_len120_ham4,42352602,42352722,TTACCGAACGGCTAGTGTTAGGTCGACGACGACGCTTCTTCTCCTGCCGTAGATCCTTTTTTTCAACGAGCGCTTAAGGATATACGATGGATACCGTCTCCGGGCGGGGACTTGCCCCGC
M41_len120_ham5,3950951,3951071,TTACCGAACGGCTAGTGTTAGGTCGACGACGACGCCTCTTCTCCTGCAGTAGATCCTTTTTTTCAACGAGCGCTTAAGGATCTACGATCGATACCGTCCCCAGGCGGGGACTTGCCCCGG
M42_len120_ham0,15364023,15364143,ATGATCTCTGGGGCTGAAATAACTTATCCGCGAGGAGCATGCTAAACTACCTAAGATCTACTAAAGGGCTCCAACTGCCTTCAACATGTGCCGACGAGCCTGACTTACTAAGGCTTGCTA
M42_len120_ham1,4523159,4523279,ATTATCTCTGGGGCTGAAATAACTTATCCGCGAGGAGCATGCTAAACTACCTAAGATCTACTAAAGGGCTCCAACTGCCTTCAACATGTGCCGACGAGCCTGACTTACTAAGGCTTGCTA
M42_len120_ham2,2108087,2108207,AAGATCTCCGGGGCTGAAATAACTTATCCGCGAGGAGCATGCTAAACTACCTAAGATCTACTAAAGGGCTCCAACTGCCTTCAACATGTGCCGACGAGCCTGACTTACTAAGGCTTGCTA
M42_len120_ham3,22174680,22174800,ATGATGTGTGGGGCTGAAATAACTTATCCGCGAGGAGCATGCTAAACTACCTAAGATCTACTAAAGGGCTCCAACTGCCTTCAACATGTGCCGACGAGCCTGACTTACTAAGGCTTGCGA
M42_len120_ham4,4755156,4755276,ATGATCTCTGGGGCTGAAATAACTTATCCGCGAGGAGCATGCTAAACTACCTAAGATCTACTAATGGGCTCCAACTGCCTCCAACATGTGCGGACGAGGCTGACTTACTAAGGCTTGCTA
M42_len120_ham5,34504433,34504553,ATGATCTCTGCGGCTGAAAGAACTTATCCGCGAGGAGCATGCTAAACTACCTAAGATCTACTAAAGGGGTCCAACTGCATTAAACATGTGCCGACGAGCCTGACTTACTAAGGCTTGCTA
M43_len120_ham0,15972220,15972340,CCGTAGTCACATATAGCAACACTGGCGCGAAGTGAGATTGATCGCGAACAAACATGTCCATCGCTGGAGAACCATATGGGATAGCGGCTGTCCCATACGAGATGACCTTACGAACTGTAA
M43_len120_ham1,18688292,18688412,CCGTAGTCACATATAGCAACACTGGCGCGAAGTGAGATTGATCGCGAACAAACATGTCCATCGCAGGAGAACCATATGGGATAGCGGCTGTCCCATACGAGATGACCTTACGAACTGTAA
M43_len120_ham2,44894338,44894458,CCGTAGTCACATATAGCAACACTGGCGCGAAGTGAGATTGATCGCGAACAAACATGTCCATCGCTGGAGAACCATATGGGACAGCGGCTGTCCCATACGAGATGCCCTTACGAACTGTAA
M43_len120_ham3,32575615,32575735,CCGTAGTAACATATAGCAACACTGGCGCGAAGTGAGATTGATCGCGAACAAACATGTCCATCGCTGGAGAACTATGTGGGATAGCGGCTGTCCCATACGAGATGACCTTACGAACTGTAA
M43_len120_ham4,14377188,14377308,CCGTAGTCACATATAGCAACACTGGCGCGAGGTTAGACTGATCGCGAACAAACATGTCCATCGCTGGAGAACCATATGGGATAGCGGCTGTCCCATACGAGATGACCTGACGAACTGTAA
M43_len120_ham5,36187376,36187496,CCGTAGTCACATATAGCAACACTGGCGCGCAGTGTGATTGCACGCGAACAAACATGTACATCGCTGGAGAACCATATGGGATAGCGGCTGTCCCATACGAGATGACCTTACGAACTGTAA
M44_len120_ham0,8879297,8879417,CACTTGTAGCTGTGAACGACGCACGTAGGCATTCATACAAACCCTGAGAAACTCAGAATACTTTATTCGCCGGTCACGTTTAAGTCTCCATGTTGGTGCAGCAGATGCCACCGACTGCCC
M44_len120_ham1,48543368,48543488,CACTTGTAGCTGTGAACGACGCACGTAGGCATTCATACAAACCCTGAGAAACTCAGAATACTTTATTCGCCGGTCGCGTTTAAGTCTCCATGTTGGTGCAGCAGATGCCACCGACTGCCC
M44_len120_ham2,38322053,38322173,CACTTGTAGCTGTGAACGACGCACGTAGGCATTCATACAAACCCTGAGAAACTCAGAATACTTTATTCGCCGGTCACGTTTAAGTCTCCATGTTCGTGCAGCATATGCCACCGACTGCCC
M44_len120_ham3,38668909,38669029,CACCTGTAGCTGTGAACGACGCACGTAGGCATTCATACAAACCCTGAGAAACTCAGAATACTTTATTCGCCGGTCTCGTTTAAGTCTCCATGTTGGTGCAGCAGATGCCACCGACTTCCC
M44_len120_ham4,31720415,31720535,CACTTGTAGCTGTGAACGTCGCACCTAGGCATTCATACAAACCCTGAGAAACTCAGAATACTTTATTCGCCGCTCACGTTTAAGTCTCCATGTTGGTGCAGCAGATGACACCGACTGCCC
M44_len120_ham5,16307268,16307388,CACTAGTTGCTATGAACGACGCACGTAGGGATTCATACAAACCCTGAGAAACTCAGAATACTGTATTCGCCGGTCACGTTTAAGTCTCCATGTTGGTGCAGCAGATGCCACCGACTGCCC
M45_len120_ham0,31740676,31740796,AGCCGCGAACCAGAGTAGGGCCTTGCGCCTGGCCATACGCATCGACGGCAGTAGCCAGGAAATTTCTTTGTATCCTAAGAGGAAGCTCAAGTATCTCAAGCCTGGGCAATTCAGATAGTC
M45_len120_ham1,27317331,27317451,AGCCGCGAACCAAAGTAGGGCCTTGCGCCTGGCCATACGCATCGACGGCAGTAGCCAGGAAATTTCTTTGTATCCTAAGAGGAAGCTCAAGTATCTCAAGCCTGGGCAATTCAGATAGTC
M45_len120_ham2,12778193,12778313,AGCCGCGAACCAGAGTAGGGCGTTGCTCCTGGCCATACGCATCGACGGCAGTAGCCAGGAAATTTCTTTGTATCCTAAGAGGAAGCTCAAGTATCTCAAGCCTGGGCAATTCAGATAGTC
M45_len120_ham3,6330097,6330217,AGCCGCGAACAAGAGTAGGGCCTTGCGCCTGGCCATACGCATCGACGGCAGTAGCCAGGAGATTTCTTTGTATCCTAAGAGGAAGCTCAAGTATCTCAAGCCTGGGCAGTTCAGATAGTC
M45_len120_ham4,6504916,6505036,AGCCGCGAACCAGAGTAGGGCCTTGCGCCTGGCCATACGCATCGACGGCAGTAGCCAGGAGAATTCTTTGTATCCTAAGAGGAATCTCAAGTATCTCAAGCCTGGGCAATTCAGTTAGTC
M45_len120_ham5,44223583,44223703,AGCCGCGAACCAGAGTAGGGCCTAGCGCCTGGCCATACGCATCGACGCGGGTAGCCAGGAAATTTCTTTGTATCCTAAGAGGAAGCTCAAGTATCTCAAGCCTGGGCAATTCAAATAGTC
M46_len120_ham0,28927355,28927475,TTGCGACAAGTCATTTCTGATACATCCCCCATATCCGGAATTGGTATATCCAAAGGTGTTTACGTCTATGCATGGAGGGGTACCGTGGTACTCTTGACAGTCACCCACATAGCGGTTAAC
M46_len120_ham1,23776507,23776627,TTGCGACAAGTCATTTCTGATACATCCCCCATATCCGGAATTGGTATGTCCAAAGGTGTTTACGTCTATGCATGGAGGGGTACCGTGGTACTCTTGACAGTCACCCACATAGCGGTTAAC
M46_len120_ham2,28425880,28426000,TTGCGACAAGTCATTTCTGATACATCCCCCATATCCGGAATTGGTATATCCAAAGGTCTTTACGTCTATGCATGGAAGGGTACCGTGGTACTCTTGACAGTCACCCACATAGCGGTTAAC
M46_len120_ham3,27588606,27588726,TTGCGACAAGTCATTTCTGATACATCCCCCATATCCGGAATTGGCATATCCAAAGGTGTTTACGTCTATGAATGGGGGGGTACCGTGGTACTCTTGACAGTCACCCACATAGCGGTTAAC
M46_len120_ham4,31341494,31341614,TTGCGACAAGTAATTTCTGATACATCCCCCATATCCGGAATTGGTATATCCAAAGGTGTTTACGTCTATGCATGGAGGGGTACCGTGGCACTCTTCACAGTCACCCCCATAGCGGTTAAC
M46_len120_ham5,48927452,48927572,TTGCGACAAGTCATTTCTGAAACATCCACCATATCCGGAATTGGTATATCCAAAGGTGTTTACGTCTATGCATAGAGGGGTACCGTGGTACTCTTGACATTCACCCACAGAGCGGTTAAC
M47_len120_ham0,3635366,3635486,GTAATCCACGGGTTGTGCTGTAAGGGATAGGGGGGCCCATGCATGGTTTACGCTGGCCGATCGCGACGCGTGGGGTATAATCATGTACCCGTTCGCATGCGAATGCCCTACTTTTTTAAC
M47_len120_ham1,45188729,45188849,GTAATCCACGGGTTGTGCTGTAAGGGATAGGGGGGCCCATGCATGGTTTACGCTGGCCGATCGCGACGCGTGGGGTATAATCATGTACCCGTTGGCATGCGAATGCCCTACTTTTTTAAC
M47_len120_ham2,43852655,43852775,GCAATCCACGGGTTGTGCTGTAAGGGATAGGGGGGCCCATGCATGGTTTACGCTGGCCGATCGCGACGCGTGGGGTATAATCATGTACCCGTTCGCATGCGAATGCCCTACTTTGTTAAC
M47_len120_ham3,43364389,43364509,GTTATCCACGGGTTGTGCTGTAAGAGATAGGGGGGCCCATGCATGGTTTACGCTGGCCGATCGCGACGCGTGGGGTATAATCATGTTCCCGTTCGCATGCGAATGCCCTACTTTTTTAAC
M47_len120_ham4,6604711,6604831,GTAATCCACGGGTTGTGCTGTAAGGGATGGGCGGGCCCATGCATGGTTTACGCTGGCCGATCGCGACGCGTGGGGTATAATCATGTACACGTTCGCATGCGAATGCCCTACTATTTTAAC
M47_len120_ham5,4067647,4067767,GTAATCCACGGGTTGTGCTGTGAGGGATAGGGGGGCCCACGCATGGTTTCCGCTGGCCGATCGCAACGCGTGGGGCATAATCATGTACCCGTTCGCATGCGAATGCCCTACTTTTTTAAC
M48_len120_ham0,27019456,27019576,GTCGTGCCTACCCCACAGATGAAAAAATTTAGTCCAGTAGCTAAGAATCCGCGTGCATCTGCAAAATCAAAGCTGGTAACAGGGTAAAACCGGTGAGGCATTTGTTTCACACATTTCTGA
M48_len120_ham1,48869586,48869706,GTCGTGCCTACCCCACAGATGAAAAAATTTAGTCCAGTAGCTAAGAATCCGCGTGCATCTGCAAAATCAAAGCTGGTAACAGGGTAAAACCGGTGAGGCATTTGTTTCACTCATTTCTGA
M48_len120_ham2,22770212,22770332,GTCGTGCCTACCCCACAGATGAAAAAATTTAGTCCAGTAGCTAAGAATCCGCGTGCATCTGCAAAATCAAAGCTGGTAACAGGGTAAAACCGGTGAGGCATTTGTTTAACACTTTTCTGA
M48_len120_ham3,7332920,7333040,GTCGTGCCTACCCCACAGATGAAAAAATTTAGTCCAGTAGCTAAGAATCCGCGTGCATCTGAGAAATCAAAGCTGGTAACAGGGTAAAACCGGTGAGGCATTTGTTTCACACATTTCCGA
M48_len120_ham4,16687044,16687164,GTCGTCCCAACCCCACAGATGAAAAAATTTAGTTCAGTAGCTAAGAATCCGCGTGCATCTGCAAAATCAAAGCTGGTAACAGGTTAAAACCGGTGAGGCATTTGTTTCACACATTTCTGA
M48_len120_ham5,12857392,12857512,GTCGTGCCTACCCCACAGATGAAAAAATTTAGTCCAGTAGCTAAGAATCCGCGTGCATCTGCAAAATTAAAGCCGGTAACAGGGTAAAACCGTTGTGGAATTTGTTTCACACATTTCTGA
M49_len120_ham0,12764703,12764823,ATCTGTCAACTTCATGCGGACTTCATTTATTGATAATTAAAGCTGGACTGTGTAACAGGGGAACTCTAGCCATCTCGATAATTCTAATTCCCATGTTCGTGGTCCTGGCCCGGCCGAGTT
M49_len120_ham1,35989527,35989647,ATCTGTCAACTTCATGCGGACTTCATTTATTGATAATTAAAGCTGGACTGTGTAACAGGGGAACTCTAGCCATCTCGATAATTCTATTTCCCATGTTCGTGGTCCTGGCCCGGCCGAGTT
M49_len120_ham2,30105945,30106065,ATCTGTCAACTTCATGCGGACTTCATTTATTGATAATTAAAGCTGGACTGTGTAACAGGGGAACTCTAGCCATCTCGATAATTCTAATTCCCATGTTCGTGGTCCTGCCCCGGCTGAGTT
M49_len120_ham3,9407474,9407594,ATCTGTCAACTTCATGCGGACTTCATTTATTGATAATTAAAGCTGGACTGTGTACCAGGGGAACTCTAGCCATCTCGATAATTCTAATTCCCATGTTCGTGGTCCTGGTCCGACCGAGTT
M49_len120_ham4,28311997,28312117,ATCGGTGAACTTCATGCGAACTTCATTTATTGATAATTAAAGCTGGACAGTGTAACAGGGGAACTCTAGCCATCTCGATAATTCTAATTCCCATGTTCGTGGTCCTGGCCCGGCCGAGTT
M49_len120_ham5,12313673,12313793,ATCTGTCAACTTCATGCGGAATTCATTTATTGATAAGTAAAGCTGGACTGTGTAACAGGGGAACTCTAGCCATCTCGATAATTCTAACTCCCATGTCCGTAGTCCTGGCCCGGCCGAGTT
M50_len120_ham0,18692848,18692968,CAGTACTCGATTTGAAGCTCGCCGTCACCATATGGCCGAGTCACGAGTGAGCCACTTAGCCGGGGCTAAGTCCAGTATGGAGTTAGCGAACAACCTACTACATGAAAACGACGTTTTTGA
M50_len120_ham1,31046444,31046564,CAGTACTCGATTTGAAGCTCGCCGTCACCATATGGCCGAGTCACGAGTGTGCCACTTAGCCGGGGCTAAGTCCAGTATGGAGTTAGCGAACAACCTACTACATGAAAACGACGTTTTTGA
M50_len120_ham2,16764226,16764346,CAGTACTCGATTTGACGCTCGCCGTCACCATATGGCCGAGTCACGAGTGAGCCACTTAGCCGGGGCTATGTCCAGTATGGAGTTAGCGAACAACCTACTACATGAAAACGACGTTTTTGA
M50_len120_ham3,5058994,5059114,CAGTACTCAATTTGAAGCTCGCCGTCACCATATGGCCGAGTCACGAGTGAGCCACTTAGCCGGGGCTAAGTCCAGTATGTAGTTAGCGAACATCCTACTACATGAAAACGACGTTTTTGA
M50_len120_ham4,29738000,29738120,CAGTACTCGGTTTGAAGCTCGCCGTCACCATATGGCCGAGTCACGTGTGAGCCACTTAGCCGGGGCTAAGTCCAGTATGGAGTTAGCGATCAACCTACTACATGAAAAAGACGTTTTTGA
M50_len120_ham5,36931706,36931826,CAGTACTCGATCTGAAGCTCGCCGTCACCATATGGCTGGGTCACGAGTGAGCCACTTAGCCGGGGCTAAGTCCAGTACGGAGTTAGCGAACAACCTAATACATGAAAACGACGTTTTTGA
M51_len120_ham0,6570543,6570663,TCCCTGCGGACAAATAGCGCTCCCCGCACATAGAGACTGGCCAGACGTTGGCGGTCAGCCTGGCGTTTGGTACAGCCGAAAATCAGTCGTCGCTATGACCCTCCCTGACTCAGGCACGTT
M51_len120_ham1,3394925,3395045,TCCCTGCGGACAAATAGCGCTCCCCGCACATAGAGACTGGCCAGACGTTGGCGGTCAGCCTGGCGTTTGGTACAGCCGAAAATCAGTCGTCGCTATGACCCTCCCTGACTCAGGCACCTT
M51_len120_ham2,43764702,43764822,TCCCTTCGGACAAATAGCGCTCCCCGCACATAGAGACTGGCCAGACGTTGGCGGTCAGCCTGGCGTTTGGTACAGCCGAAAATCAGTCGTCGCTATGACCCTCCCTGACTCAAGCACGTT
M51_len120_ham3,36278242,36278362,TCCCTGCGGACAATTAGCGCTCCCCGCACATAGAGACTGGCTAGACGTTGGCGGTCAGCCTGGCGTTTGGTACAGCCGAAAATCAGTCGTGGCTATGACCCTCCCTGACTCAGGCACGTT
M51_len120_ham4,990382,990502,TCCCTGCGGACAAATAGCGCTCCCCGCACATAGCGACTGGCCAGACGTTGGCGGTCAGCCTGGCGTTTGGTACACCCGAAAATCAGTCGTCGCTTTGACCCTCCCTTACTCAGGCACGTT
M51_len120_ham5,6258758,6258878,TCCCTGCGGACAAATAGCGCTCCCCGCACATAGAGACTGGCCAGACCTGGGCGGTCAGCCTGGCGTTTGGTACAGGCGAAAATAAGTCGTCGCTATGACCCTCCCTGACTCAGGAACGTT
M52_len120_ham0,50570924,50571044,TGGTTACTCCAGCCCCGACTGATTTCCTACACCCACACGCTAGACTTTCCTCCGCGTACTTCAACTCACTAAATCATTGATCTTGATCGTCAGTGCAAAATCGTGACTGGTGGTCTTCGT
M52_len120_ham1,15863159,15863279,TGGTTACTCCAGCCCCGACTGATTTCCTACACGCACACGCTAGACTTTCCTCCGCGTACTTCAACTCACTAAATCATTGATCTTGATCGTCAGTGCAAAATCGTGACTGGTGGTCTTCGT
M52_len120_ham2,11160949,11161069,TGGTTACTCCAGCCCCGACTGATTTCCTACACCCACACGCTAGAGTTTCCTCCGCGTACTTCAACTCACTAAAGCATTGATCTTGATCGTCAGTGCAAAATCGTGACTGGTGGTCTTCGT
M52_len120_ham3,27273985,27274105,TGGTTACTCCAGCCCCGCCTGATTTCCTACACCCACACGCTAGACTTTCCTCCGCGTACTTCAACTCACTAAATCATTGATCTTGATCGTCAGTTCAAAATCGTGACTGTTGGTCTTCGT
M52_len120_ham4,32590824,32590944,TGGTTACTCCAGCCCCGACTGATTTCCTAAACCCACACGCTAGACTTTCCTCCGCGTCCTTCAACTCACTAAATCATTGATCTTGATCGGCAGTGCAAAAACGTGACTGGTGGTCTTCGT
M52_len120_ham5,32303416,32303536,TGGTTACTCCAGCCCCGACTGATTTCCTACACCCACACGCTAGTCTTTCCTTCGCGTACTTCAACTCACTCAATCATTGATCTTGATCGTCAGTGCAAAAGCTTGACTGGTGGTCTTCGT
M53_len120_ham0,14344338,14344458,CTAACTTAAGCGAATTGACTTACGCACCAGCACAGTGTTCAAAGGGGCCTTAGCTAAGGAGGTTTCGTTATAGATCCGTGAGCGATGACTGGCGCCTCCCGCCCCGCAAATAATGGTGTC
M53_len120_ham1,26913358,26913478,CTAACTTAAGCGAATTGACTTACGCACCAGCACAGTGTTCAAAGGGGCCTTAGCTAAGGAGGTTTCGTTATAGATCCGTGAGCGATGACTGGCGCCTTCCGCCCCGCAAATAATGGTGTC
M53_len120_ham2,3934955,3935075,CTAACTTAAGCGAATTGACTTACGCACCAGCACAGAGTTCAAAGGGGCCTGAGCTAAGGAGGTTTCGTTATAGATCCGTGAGCGATGACTGGCGCCTCCCGCCCCGCAAATAATGGTGTC
M53_len120_ham3,11048610,11048730,CTAACTCAAGCGAATTCACTTACGCACCAGCACAGTGTTCAAAGGGGCCTTAGCTAAGGAGGTTTCGGTATAGATCCGTGAGCGATGACTGGCGCCTCCCGCCCCGCAAATAATGGTGTC
M53_len120_ham4,25432455,25432575,CTAATTTAAGCGAATTGACTTACGCACCAGCACAGTGTTCAAAGCGGCCTAAGCTAAGGAGGTTACGTTATAGATCCGTGAGCGATGACTGGCGCCTCCCGCCCCGCAAATAATGGTGTC
M53_len120_ham5,144644,144764,CTAACTTAAGCGAATTGACTTACGCACCAGCACAGTGTTCCAAGGGGCCTTAGCTAAGTAGGTTTCATTATAGATCCGTGAGCGATGAGAGGCGCCTCCCGCCCCGCAAATAATGGTGTC
M54_len120_ham0,26200760,26200880,AGGGCGCGTGGCTTCTGGTGTCCCAGCTTCCCTACTTCGTGGATACACGTATGGGGGGATAGCCGGGTTATGTCCGTTAACGCGGGGTGTGTTCCACCGACCTAAATAATAAGCATGCCG
M54_len120_ham1,17797475,17797595,AGGGCGCGTGGCTTCTGGTGTCCCAGCTTCCCTACTTCGTGGATACACGTATGGGGTGATAGCCGGGTTATGTCCGTTAACGCGGGGTGTGTTCCACCGACCTAAATAATAAGCATGCCG
M54_len120_ham2,30535094,30535214,AGGGCGCGTGGCTTCTAGTGTCCCAGCTTCCCTACTTCGTGGATACACGTATGGGGGGATAGCCGGGATATGTCCGTTAACGCGGGGTGTGTTCCACCGACCTAAATAATAAGCATGCCG
M54_len120_ham3,19142751,19142871,AGGGGGCGTGGCTTCTGGTGTCCCAGCTTCCCTACTTCGTGGATAGACGTATGGGGGGATAGCCGGGTTATGTCCGTTAACGCGCGGTGTGTTCCACCGACCTAAATAATAAGCATGCCG
M54_len120_ham4,28387551,28387671,AGGGCGCGTGGCTTCTGGTGTCCCAGCTTCCCTATTTCGTGGATACACGTATGGGGGGATAGCCGGGTTGTGTCCGTTAACGCGGGGTGTGTTCCACCGACCTAAATAATATGCATGCCA
M54_len120_ham5,46747464,46747584,AGGGCGCGTGGCTTCTGGTGTCTCAGCTTCCCTACTTCGTGGATACACGTATGGGGGGGTAGCCGGGTTTTGTCCTGTAACGCGGGGTGTGTTCCACCGACCTAAATAATAAGCATGCCG
M55_len120_ham0,49023381,49023501,GGTCATGGTGCGAACGGTATTGATGCAGCTTTCCTTCGATCGGGTCACCGATTGTCGACAACAGGCTACACATCGTGTGTAGACAGTATCCGTAACTTCACTACTTGGCAAGTGCGACAC
M55_len120_ham1,37296980,37297100,GGTCATGGTGCGAACGGTATTGATGCAGCTTTCCTTCGATCGGGTCACCGATTGTCGACAACAGGCTACACATCGTGTGTACACAGTATCCGTAACTTCACTACTTGGCAAGTGCGACAC
M55_len120_ham2,44417431,44417551,GCTCATGGTGCGAACGGTATTGATGCAGCTTTCCTTCGATCAGGTCACCGATTGTCGACAACAGGCTACACATCGTGTGTAGACAGTATCCGTAACTTCACTACTTGGCAAGTGCGACAC
M55_len120_ham3,48211563,48211683,GGTCATGGTGCGAACAGTATTGATGCAGCTTTCCTTCGATCGGGTCACCGCTTGTCGACAACAGGCTACACATCATGTGTAGACAGTATCCGTAACTTCACTACTTGGCAAGTGCGACAC
M55_len120_ham4,32659965,32660085,GGTCATGGTGCGAACGGTATTGATGCAGCTTTCCTTCGATCGGGTCACCGATTGTCGACAGCAGGCTACACATCTTGTGTAGACAGTAACCGTAACTTCATTACTTGGCAAGTGCGACAC
M55_len120_ham5,10388239,10388359,GGTCATGGTGCTAACGGTATCGATGCAGCTTGCCTTCGATCGGGTCACCGATTGTCGACAACATGCTACACATCGTGTGTAGACAGTATCCGTAACTTAACTACTTGGCAAGTGCGACAC
M56_len120_ham0,12743830,12743950,AAGCACTCGGTCATGCGATTGTCCGGTGCACTGGGTATCAGCGATCTCGGTGAAAACCACATCAATTGAGCAACTATAGTGAGAAGACAACTCCCCTAGTTACCTGCTGGGGTTGCCTGG
M56_len120_ham1,19911725,19911845,AAGCACTCGGTCATGCGATTGTCCGGTGCACTGGGTATCAGCGATCTCGGTGAAAACGACATCAATTGAGCAACTATAGTGAGAAGACAACTCCCCTAGTTACCTGCTGGGGTTGCCTGG
M56_len120_ham2,14609659,14609779,CAGCACTCGGTCATGCGATTGTCCGGTGCACTGGGTATCAGCGATCTCGGGGAAAACCACATCAATTGAGCAACTATAGTGAGAAGACAACTCCCCTAGTTACCTGCTGGGGTTGCCTGG
M56_len120_ham3,3924747,3924867,AACCACTCGGTCATGCGATTGTCCGGTGCACTGGGTTTCAGCGATCTCGGTGAAAACCACATCAATTGAGCAACTAAAGTGAGAAGACAACTCCCCTAGTTACCTGCTGGGGTTGCCTGG
M56_len120_ham4,38868131,38868251,GAGCACTCGGTCATGCGATTGTCCGGTCTACTGGGTATAAGCGATCTCGGTGAAAACCACATCAATTGAGCAACTATAGTGAGAAGACAACTCCCCTAGTTACCTGCTGGGGTTGCCTGG
M56_len120_ham5,49374486,49374606,AAGCACTCGGTCATGCGATTGTCCGGTGCACTGGGTATCAGCGATCTCGGTGAAAACCACATCAAATGAGACAGTATAGTGAGAAGACAACTCCCCTAGTTACCTGCTGGGGTTGCCGGG
M57_len120_ham0,36386104,36386224,GCCGGCCGGATCAGTCTAGATAAGGTTACATAGAGCGCCATTACTGTCCGATATGATTCCTCTTCCCAGTGAATTGGCGGAGCGTCTACCGCAAACCGAGAGTTAGCCCGTCATAGCAGC
M57_len120_ham1,4090793,4090913,GCCGGCCGGATCAGTCTAGATAAGGTTACATAGAGCGCCATTACTGTCCGATATGATTCCTCTTCCCAGTGAATTGGCGGAGCGTCTACCGCAAACCGAGATTTAGCCCGTCATAGCAGC
M57_len120_ham2,50195790,50195910,GCCGGCCGGATCAGTCTAGATAAGGTTACATAGACCGCCATTACTGTCCGATATGATTCCTCTTCCCAGTGAATTGGCGAAGCGTCTACCGCAAACCGAGAGTTAGCCCGTCATAGCAGC
M57_len120_ham3,21045662,21045782,GTCGGCCGCATCAGTCTAGATAAGGTTACATAGAGCGCCATTACTGTCCGATATGATTCCTCTTCCCAGTGAATTGGCGGAGCCTCTACCGCAAACCGAGAGTTAGCCCGTCATAGCAGC
M57_len120_ham4,3836296,3836416,GCCGGCCGGATCAGTCTAGATAAGGTTACATAGAGCGCCATTACTGGCCGATATGATTCCTCTTCCCAGTGAATTGGCGGAGCGACTACCGCAAACCGAGAGTTAGCCCATCATAGGAGC
M57_len120_ham5,3364995,3365115,GCCGGCCGGATCAGTCTAGATAAGGTTACGTAGAGCGCCATTACTGTCGAATATGATTCCTCTTCTCAGTGAATTGGCGGAGCGTCTACCTCAAACCGAGAGTTAGCCCGTCATAGCAGC
M58_len120_ham0,39203494,39203614,ACCTAACGGTTCAGGGGCGAGTAGCCGTCATCTCCTGGTCCCCCGCTCCGAACGCAGTTGTGCCACCAGCCCAGATCTGCTTTCCCCATAGTCCCACTTGTCTTATGTAATTACTATACG
M58_len120_ham1,31996735,31996855,ACCTAACGGTTCAGGGGCGAGTAGCCGTCATCTCCTGGTCCCCCGCTCCGAACGCACTTGTGCCACCAGCCCAGATCTGCTTTCCCCATAGTCCCACTTGTCTTATGTAATTACTATACG
M58_len120_ham2,33745717,33745837,ACCTAACGGTTCAGGGGCGAGTAGCCGTCATCTCCTGGCCCCCCGCTCCGAACGCAGTTGTGCCACCAGCCCAGATCTGCTTTCCCCATAGTCCCACTTGTCTTATGTAATTAGTATACG
M58_len120_ham3,35643271,35643391,ACCTAACGGTTCAGGGGCGAGGAGCCGTCATCTCCTGTTCCCCCGCTCCGAACGAAGTTGTGCCACCAGCCCAGATCTGCTTTCCCCATAGTCCCACTTGTCTTATGTAATTACTATACG
M58_len120_ham4,10565131,10565251,ACCTAACGGTTCAGGGGCAAGTAGCCGTCATCTCCTGGTCCCCCGCTCCGAACGCAGTTTTGCCACTAGCCCAGATCTGCTTTCCCCATAGTCCCACTTGTCTTATGTAATTACTGTACG
M58_len120_ham5,3817123,3817243,ACCTAACGGTTCAGTGGCGAGTAACCGTCATCTCCTGGTCCCCCGCTCCGAACGCAGTTGTGCCTCCAGCCCAGGTCTGCTTTCCCCATAGTCCCACTTCTCTTATGTAATTACTATACG
M59_len120_ham0,34079793,34079913,GTACTCTAGGCAAATGATCTTACGCCCCATGGTGCACCAGATTTATCCTTTTAACGCACCAGACAGGAAATCCGCTGAAGGGTATAGTCAGGTCCAAATGTGGGCTTTCCGCAAATACTT
M59_len120_ham1,5376189,5376309,GTACTGTAGGCAAATGATCTTACGCCCCATGGTGCACCAGATTTATCCTTTTAACGCACCAGACAGGAAATCCGCTGAAGGGTATAGTCAGGTCCAAATGTGGGCTTTCCGCAAATACTT
M59_len120_ham2,12470502,12470622,GTACTCTAGGCAAATGATCTTACGCCCCATGGTGCACCAGATTTTTCCTTTTAACGCACCAGACAGGAAATACGCTGAAGGGTATAGTCAGGTCCAAATGTGGGCTTTCCGCAAATACTT
M59_len120_ham3,4598388,4598508,GGACTCTAGGCAAATGATCTTACGCGCCATGGTGCACCAGATTTATCCTTTTAACGCACCAGACAGGAAATCCGCTGAAGGCTATAGTCAGGTCCAAATGTGGGCTTTCCGCAAATACTT
M59_len120_ham4,39932130,39932250,GTACTCTATGCAAATGATCTTACGCCCCATGGTGCACCCCATTTATCCTTTTAACGCACCAGACAGGAAATCCGCTGAAGGGTATAGTCAGGTCCAAATGTTGGCTTTCCGCAAATACTT
M59_len120_ham5,4560776,4560896,GTACTCTAGGCAAAGGATCTTACGCCCCATGGTGCACCAGATGAATCCTTATAACGCACCAGACAGGAAATCCGCTGAAGGGTATAGGCAGGTCCAAATGTGGGCTTTCCGCAAATACTT
